path,ondate,rowid
/nykol703498627/pics_thumb/172991_rosszlanyok_d0ae7d_szexpartner_nykol_2601141525_10.jpg,2026-01-14,1
/nykol703498627/pics_thumb/172991_rosszlanyok_4b6246_szexpartner_nykol_2601141648_16.jpg,2026-01-14,2
/nykol703498627/pics_thumb/172991_rosszlanyok_07c711_szexpartner_nykol_2601141649_11.jpg,2026-01-14,3
/nykol703498627/pics_thumb/172991_rosszlanyok_64169f_szexpartner_nykol_2601141649_13.jpg,2026-01-14,4
/nykol703498627/pics_thumb/172991_rosszlanyok_610052_szexpartner_nykol_2601141649_14.jpg,2026-01-14,5
/nykol703498627/pics_thumb/172991_rosszlanyok_efd173_szexpartner_nykol_2601141649_12.jpg,2026-01-14,6
/nykol703498627/pics_thumb/172991_rosszlanyok_bbc251_szexpartner_nykol_2601141649_16.jpg,2026-01-14,7
/nykol703498627/pics_thumb/172991_rosszlanyok_7ebfa6_szexpartner_nykol_2601141648_13.jpg,2026-01-14,8
/nykol703498627/pics_thumb/172991_rosszlanyok_8d0f04_szexpartner_nykol_2601141648_11.jpg,2026-01-14,9
/nykol703498627/pics_thumb/172991_rosszlanyok_333e83_szexpartner_nykol_2601141648_12.jpg,2026-01-14,10
/nykol703498627/pics_thumb/172991_rosszlanyok_90f50e_szexpartner_nykol_2601141648_14.jpg,2026-01-14,11
/ketrin06209648681/pics_thumb/173076_rosszlanyok_3005b8_videkilany_ketrin06_2601161829_10.jpg,2026-01-16,87
/ketrin06209648681/pics_thumb/173076_rosszlanyok_7e2bd0_videkilany_ketrin06_2601161852_10.jpg,2026-01-16,88
/ketrin06209648681/pics_thumb/173076_rosszlanyok_877e13_videkilany_ketrin06_2601161852_11.jpg,2026-01-16,89
/ketrin06209648681/pics_thumb/173076_rosszlanyok_066101_videkilany_ketrin06_2601161852_12.jpg,2026-01-16,90
/zina703238097/pics_thumb/173136_rosszlanyok_b3470d_szexpartner_zina_2601181344_12.jpg,2026-01-18,91
/zina703238097/pics_thumb/173136_rosszlanyok_067510_szexpartner_zina_2601181344_14.jpg,2026-01-18,92
/zina703238097/pics_thumb/173136_rosszlanyok_bab5dd_szexpartner_zina_2601181344_13.jpg,2026-01-18,93
/zina703238097/pics_thumb/173136_rosszlanyok_a655d4_szexpartner_zina_2601181344_11.jpg,2026-01-18,94
/zina703238097/pics_thumb/173136_rosszlanyok_a311e0_szexpartner_zina_2601181344_10.jpg,2026-01-18,95
/victoria204202704/pics_thumb/116968_rosszlanyok_47559f_szexpartner_lia_2404191352_14.jpg,2024-04-19,102
/victoria204202704/pics_thumb/116968_rosszlanyok_853d63_szexpartner_lia_2404191352_15.jpg,2024-04-19,103
/victoria204202704/pics_thumb/116968_rosszlanyok_3e82fe_szexpartner_victoria_2507231700_20.jpg,2025-07-23,104
/victoria204202704/pics_thumb/116968_rosszlanyok_aca9bf_szexpartner_victoria_2507231700_10.jpg,2025-07-23,105
/victoria204202704/pics_thumb/116968_rosszlanyok_a87fb4_szexpartner_victoria_2409161349_10.jpg,2024-09-16,106
